{"cameraMode":{"drawMode":0,"name":"Shaded","section":"Shading Mode"},"sceneLighting":false,"audioPlay":false,"sceneViewState":{"m_AlwaysRefresh":false,"showFog":false,"showSkybox":false,"showFlares":true,"showImageEffects":true,"showParticleSystems":true,"showVisualEffectGraphs":true,"m_FxEnabled":true},"in2DMode":false,"pivot":{"x":-0.03689718246459961,"y":0.22674870491027833,"z":-0.026858806610107423},"rotation":{"x":-0.044959746301174167,"y":0.8868699669837952,"z":-0.08836749196052551,"w":-0.45127710700035097},"size":1.8000173568725587,"orthographic":false}