{"cameraMode":{"drawMode":0,"name":"Shaded","section":"Shading Mode"},"sceneLighting":false,"audioPlay":false,"sceneViewState":{"m_AlwaysRefresh":false,"showFog":false,"showSkybox":false,"showFlares":true,"showImageEffects":true,"showParticleSystems":true,"showVisualEffectGraphs":true,"m_FxEnabled":true},"in2DMode":false,"pivot":{"x":-0.06572937965393067,"y":0.08236169815063477,"z":5.915886878967285},"rotation":{"x":0.3180069625377655,"y":-0.4401019513607025,"z":0.17019416391849519,"w":0.8223347663879395},"size":10.515298843383789,"orthographic":false}