{"cameraMode":{"drawMode":0,"name":"Shaded","section":"Shading Mode"},"sceneLighting":false,"audioPlay":false,"sceneViewState":{"m_AlwaysRefresh":false,"showFog":false,"showSkybox":false,"showFlares":true,"showImageEffects":true,"showParticleSystems":true,"showVisualEffectGraphs":true,"m_FxEnabled":true},"in2DMode":false,"pivot":{"x":-0.09911680221557617,"y":0.293398916721344,"z":0.1528170108795166},"rotation":{"x":0.09820996224880219,"y":0.3172147572040558,"z":-0.03305511549115181,"w":0.9426866769790649},"size":1.5000174045562745,"orthographic":false}