{"cameraMode":{"drawMode":0,"name":"Shaded","section":"Shading Mode"},"sceneLighting":false,"audioPlay":false,"sceneViewState":{"m_AlwaysRefresh":false,"showFog":false,"showSkybox":false,"showFlares":true,"showImageEffects":true,"showParticleSystems":true,"showVisualEffectGraphs":true,"m_FxEnabled":true},"in2DMode":false,"pivot":{"x":0.01436220109462738,"y":0.5219250917434692,"z":0.22326385974884034},"rotation":{"x":-0.03159721940755844,"y":0.9628960490226746,"z":-0.20645639300346375,"w":-0.17515479028224946},"size":1.1379770040512086,"orthographic":false}