{"cameraMode":{"drawMode":0,"name":"Shaded","section":"Shading Mode"},"sceneLighting":false,"audioPlay":false,"sceneViewState":{"m_AlwaysRefresh":false,"showFog":false,"showSkybox":false,"showFlares":true,"showImageEffects":true,"showParticleSystems":true,"showVisualEffectGraphs":true,"m_FxEnabled":true},"in2DMode":false,"pivot":{"x":0.16088701784610749,"y":1.1313300132751465,"z":-0.15258222818374635},"rotation":{"x":0.3180069625377655,"y":-0.4401019513607025,"z":0.17019416391849519,"w":0.8223347663879395},"size":1.1922606229782105,"orthographic":false}