{"cameraMode":{"drawMode":0,"name":"Shaded","section":"Shading Mode"},"sceneLighting":false,"audioPlay":false,"sceneViewState":{"m_AlwaysRefresh":false,"showFog":false,"showSkybox":false,"showFlares":true,"showImageEffects":true,"showParticleSystems":true,"showVisualEffectGraphs":true,"m_FxEnabled":true},"in2DMode":false,"pivot":{"x":-0.5299997329711914,"y":-0.10000038146972656,"z":-0.04000091552734375},"rotation":{"x":-0.03159721940755844,"y":0.9628960490226746,"z":-0.20645639300346375,"w":-0.17515479028224946},"size":54.559600830078128,"orthographic":false}