{"cameraMode":{"drawMode":0,"name":"Shaded","section":"Shading Mode"},"sceneLighting":false,"audioPlay":false,"sceneViewState":{"m_AlwaysRefresh":false,"showFog":false,"showSkybox":false,"showFlares":true,"showImageEffects":true,"showParticleSystems":true,"showVisualEffectGraphs":true,"m_FxEnabled":true},"in2DMode":false,"pivot":{"x":-0.09558027982711792,"y":1.0037884712219239,"z":-0.028381824493408204},"rotation":{"x":-0.03159721940755844,"y":0.9628960490226746,"z":-0.20645639300346375,"w":-0.17515479028224946},"size":2.25457501411438,"orthographic":false}