{"cameraMode":{"drawMode":0,"name":"Shaded","section":"Shading Mode"},"sceneLighting":false,"audioPlay":false,"sceneViewState":{"m_AlwaysRefresh":false,"showFog":false,"showSkybox":false,"showFlares":true,"showImageEffects":true,"showParticleSystems":true,"showVisualEffectGraphs":true,"m_FxEnabled":true},"in2DMode":false,"pivot":{"x":-1.3882999420166016,"y":0.12677383422851563,"z":3.1563215255737306},"rotation":{"x":0.1156364306807518,"y":0.8904364705085754,"z":-0.29691579937934878,"w":0.3255710005760193},"size":35.52641296386719,"orthographic":false}