{"cameraMode":{"drawMode":0,"name":"Shaded","section":"Shading Mode"},"sceneLighting":false,"audioPlay":false,"sceneViewState":{"m_AlwaysRefresh":false,"showFog":false,"showSkybox":false,"showFlares":true,"showImageEffects":true,"showParticleSystems":true,"showVisualEffectGraphs":true,"m_FxEnabled":true},"in2DMode":false,"pivot":{"x":326.32000732421877,"y":4.150000095367432,"z":402.94000244140627},"rotation":{"x":0.039932731539011,"y":0.8686854839324951,"z":-0.49070876836776736,"w":0.056790199130773547},"size":0.8660253882408142,"orthographic":false}