{"cameraMode":{"drawMode":0,"name":"Shaded","section":"Shading Mode"},"sceneLighting":false,"audioPlay":false,"sceneViewState":{"m_AlwaysRefresh":false,"showFog":false,"showSkybox":false,"showFlares":true,"showImageEffects":true,"showParticleSystems":true,"showVisualEffectGraphs":true,"m_FxEnabled":true},"in2DMode":false,"pivot":{"x":328.8575744628906,"y":169.22865295410157,"z":453.59332275390627},"rotation":{"x":-0.0541963167488575,"y":0.0016722403233870864,"z":-0.0042209080420434479,"w":-0.9993495345115662},"size":315.1777038574219,"orthographic":false}