{"cameraMode":{"drawMode":0,"name":"Shaded","section":"Shading Mode"},"sceneLighting":false,"audioPlay":false,"sceneViewState":{"m_AlwaysRefresh":false,"showFog":false,"showSkybox":false,"showFlares":true,"showImageEffects":true,"showParticleSystems":true,"showVisualEffectGraphs":true,"m_FxEnabled":true},"in2DMode":false,"pivot":{"x":-0.16294533014297486,"y":0.6624420881271362,"z":-0.3005988597869873},"rotation":{"x":0.0011670218082144857,"y":0.9933290481567383,"z":-0.11416658759117127,"w":-0.04224597290158272},"size":1.213127851486206,"orthographic":false}