{"cameraMode":{"drawMode":0,"name":"Shaded","section":"Shading Mode"},"sceneLighting":false,"audioPlay":false,"sceneViewState":{"m_AlwaysRefresh":false,"showFog":false,"showSkybox":false,"showFlares":true,"showImageEffects":true,"showParticleSystems":true,"showVisualEffectGraphs":true,"m_FxEnabled":true},"in2DMode":false,"pivot":{"x":-0.6442015171051025,"y":0.4710078239440918,"z":-0.32573533058166506},"rotation":{"x":0.1848573088645935,"y":-0.06275434046983719,"z":0.011821084655821324,"w":0.9806994795799255},"size":2.066025495529175,"orthographic":false}