{"cameraMode":{"drawMode":0,"name":"Shaded","section":"Shading Mode"},"sceneLighting":false,"audioPlay":false,"sceneViewState":{"m_AlwaysRefresh":false,"showFog":false,"showSkybox":false,"showFlares":true,"showImageEffects":true,"showParticleSystems":true,"showVisualEffectGraphs":true,"m_FxEnabled":true},"in2DMode":false,"pivot":{"x":0.23421764373779298,"y":3.038787841796875,"z":0.13631153106689454},"rotation":{"x":0.017611654475331308,"y":0.983745276927948,"z":-0.15913867950439454,"w":0.0883079320192337},"size":25.00077247619629,"orthographic":false}