{"cameraMode":{"drawMode":0,"name":"Shaded","section":"Shading Mode"},"sceneLighting":false,"audioPlay":false,"sceneViewState":{"m_AlwaysRefresh":false,"showFog":false,"showSkybox":false,"showFlares":true,"showImageEffects":true,"showParticleSystems":true,"showVisualEffectGraphs":true,"m_FxEnabled":true},"in2DMode":false,"pivot":{"x":1.3473494052886963,"y":32.97343063354492,"z":38.977081298828128},"rotation":{"x":0.026698442175984384,"y":-0.9614571928977966,"z":0.2555657625198364,"w":0.10007325559854508},"size":24.742429733276368,"orthographic":false}