{"cameraMode":{"drawMode":0,"name":"Shaded","section":"Shading Mode"},"sceneLighting":false,"audioPlay":false,"sceneViewState":{"m_AlwaysRefresh":false,"showFog":false,"showSkybox":false,"showFlares":true,"showImageEffects":true,"showParticleSystems":true,"showVisualEffectGraphs":true,"m_FxEnabled":true},"in2DMode":false,"pivot":{"x":-0.1552596092224121,"y":0.2507143020629883,"z":0.01552438735961914},"rotation":{"x":-0.07278107106685639,"y":0.9060150980949402,"z":-0.17355716228485108,"w":-0.379376083612442},"size":2.1000173091888429,"orthographic":false}