{"cameraMode":{"drawMode":0,"name":"Shaded","section":"Shading Mode"},"sceneLighting":false,"audioPlay":false,"sceneViewState":{"m_AlwaysRefresh":false,"showFog":false,"showSkybox":false,"showFlares":true,"showImageEffects":true,"showParticleSystems":true,"showVisualEffectGraphs":true,"m_FxEnabled":true},"in2DMode":false,"pivot":{"x":-0.634122371673584,"y":0.16184495389461518,"z":0.11776494979858399},"rotation":{"x":-0.002235958119854331,"y":0.7913803458213806,"z":0.017019998282194139,"w":0.6121485233306885},"size":0.5551222562789917,"orthographic":false}