{"cameraMode":{"drawMode":0,"name":"Shaded","section":"Shading Mode"},"sceneLighting":false,"audioPlay":false,"sceneViewState":{"m_AlwaysRefresh":false,"showFog":false,"showSkybox":false,"showFlares":true,"showImageEffects":true,"showParticleSystems":true,"showVisualEffectGraphs":true,"m_FxEnabled":true},"in2DMode":false,"pivot":{"x":0.000026443505703355186,"y":-9.549185051582754e-7,"z":0.000014833462046226487},"rotation":{"x":0.25135475397109988,"y":0.7413868308067322,"z":-0.3422258496284485,"w":0.5209139585494995},"size":0.000017320508050033823,"orthographic":false}