{"cameraMode":{"drawMode":0,"name":"Shaded","section":"Shading Mode"},"sceneLighting":true,"audioPlay":false,"sceneViewState":{"m_AlwaysRefresh":false,"showFog":false,"showSkybox":true,"showFlares":true,"showImageEffects":true,"showParticleSystems":true,"showVisualEffectGraphs":true,"m_FxEnabled":true},"in2DMode":false,"pivot":{"x":66.72774505615235,"y":13.898938179016114,"z":365.3804931640625},"rotation":{"x":0.18690219521522523,"y":-0.5686165690422058,"z":0.14257821440696717,"w":0.7885689735412598},"size":0.8660253882408142,"orthographic":false}