{"cameraMode":{"drawMode":0,"name":"Shaded","section":"Shading Mode"},"sceneLighting":true,"audioPlay":false,"sceneViewState":{"m_AlwaysRefresh":false,"showFog":false,"showSkybox":true,"showFlares":true,"showImageEffects":true,"showParticleSystems":true,"showVisualEffectGraphs":true,"m_FxEnabled":true},"in2DMode":false,"pivot":{"x":412.90191650390627,"y":4.160528182983398,"z":457.46807861328127},"rotation":{"x":0.1300894021987915,"y":-0.38057857751846316,"z":0.054012708365917209,"w":0.9140638113021851},"size":7.290175914764404,"orthographic":false}