{"cameraMode":{"drawMode":0,"name":"Shaded","section":"Shading Mode"},"sceneLighting":true,"audioPlay":false,"sceneViewState":{"m_AlwaysRefresh":false,"showFog":false,"showSkybox":true,"showFlares":true,"showImageEffects":true,"showParticleSystems":true,"showVisualEffectGraphs":true,"m_FxEnabled":true},"in2DMode":false,"pivot":{"x":165.40830993652345,"y":101.82144927978516,"z":344.2225036621094},"rotation":{"x":0.0451681986451149,"y":-0.934273898601532,"z":0.15362921357154847,"w":0.31882596015930178},"size":3.2660250663757326,"orthographic":false}