{"cameraMode":{"drawMode":0,"name":"Shaded","section":"Shading Mode"},"sceneLighting":true,"audioPlay":false,"sceneViewState":{"m_AlwaysRefresh":false,"showFog":false,"showSkybox":true,"showFlares":true,"showImageEffects":true,"showParticleSystems":true,"showVisualEffectGraphs":true,"m_FxEnabled":true},"in2DMode":false,"pivot":{"x":143.58595275878907,"y":3.958401679992676,"z":353.70745849609377},"rotation":{"x":-0.0009504083427600563,"y":0.9958855509757996,"z":-0.0901826024055481,"w":-0.01046985574066639},"size":12.12435531616211,"orthographic":false}