{"cameraMode":{"drawMode":0,"name":"Shaded","section":"Shading Mode"},"sceneLighting":true,"audioPlay":false,"sceneViewState":{"m_AlwaysRefresh":false,"showFog":false,"showSkybox":true,"showFlares":true,"showImageEffects":true,"showParticleSystems":true,"showVisualEffectGraphs":true,"m_FxEnabled":true},"in2DMode":false,"pivot":{"x":230.61813354492188,"y":1.340043067932129,"z":325.3741455078125},"rotation":{"x":-0.019429562613368036,"y":0.9236186742782593,"z":-0.047466591000556949,"w":-0.38001710176467898},"size":85.52730560302735,"orthographic":false}