{"cameraMode":{"drawMode":0,"name":"Shaded","section":"Shading Mode"},"sceneLighting":true,"audioPlay":false,"sceneViewState":{"m_AlwaysRefresh":false,"showFog":false,"showSkybox":true,"showFlares":true,"showImageEffects":true,"showParticleSystems":true,"showVisualEffectGraphs":true,"m_FxEnabled":true},"in2DMode":false,"pivot":{"x":-366.48822021484377,"y":-15.229206085205079,"z":133.90574645996095},"rotation":{"x":-0.014158838428556919,"y":0.9858801960945129,"z":-0.11977474391460419,"w":-0.11646368354558945},"size":67.95179748535156,"orthographic":false}