{"cameraMode":{"drawMode":0,"name":"Shaded","section":"Shading Mode"},"sceneLighting":true,"audioPlay":false,"sceneViewState":{"m_AlwaysRefresh":false,"showFog":false,"showSkybox":true,"showFlares":true,"showImageEffects":true,"showParticleSystems":true,"showVisualEffectGraphs":true,"m_FxEnabled":true},"in2DMode":false,"pivot":{"x":212.35728454589845,"y":33.26421356201172,"z":56.85403060913086},"rotation":{"x":0.006299118511378765,"y":0.7848275899887085,"z":-0.6207200884819031,"w":-0.0033628600649535658},"size":100.1954574584961,"orthographic":false}