{"cameraMode":{"drawMode":0,"name":"Shaded","section":"Shading Mode"},"sceneLighting":true,"audioPlay":false,"sceneViewState":{"m_AlwaysRefresh":false,"showFog":false,"showSkybox":true,"showFlares":true,"showImageEffects":true,"showParticleSystems":true,"showVisualEffectGraphs":true,"m_FxEnabled":true},"in2DMode":false,"pivot":{"x":288.65582275390627,"y":-38.33558654785156,"z":368.0238037109375},"rotation":{"x":-0.044937606900930408,"y":0.9531816244125366,"z":-0.24025020003318788,"w":-0.1784692257642746},"size":142.58213806152345,"orthographic":false}