{"cameraMode":{"drawMode":0,"name":"Shaded","section":"Shading Mode"},"sceneLighting":true,"audioPlay":false,"sceneViewState":{"m_AlwaysRefresh":false,"showFog":false,"showSkybox":true,"showFlares":true,"showImageEffects":true,"showParticleSystems":true,"showVisualEffectGraphs":true,"m_FxEnabled":true},"in2DMode":false,"pivot":{"x":-380.27386474609377,"y":60.946144104003909,"z":199.23753356933595},"rotation":{"x":0.40480080246925356,"y":0.18646462261676789,"z":-0.08483971655368805,"w":0.89136803150177},"size":15.176458358764649,"orthographic":false}