{"cameraMode":{"drawMode":0,"name":"Shaded","section":"Shading Mode"},"sceneLighting":true,"audioPlay":false,"sceneViewState":{"m_AlwaysRefresh":false,"showFog":false,"showSkybox":true,"showFlares":true,"showImageEffects":true,"showParticleSystems":true,"showVisualEffectGraphs":true,"m_FxEnabled":true},"in2DMode":false,"pivot":{"x":45.64512634277344,"y":-1.3875703811645508,"z":386.71539306640627},"rotation":{"x":0.21768209338188172,"y":-0.26716679334640505,"z":0.06201574578881264,"w":0.9367414712905884},"size":13.093208312988282,"orthographic":false}