{"cameraMode":{"drawMode":0,"name":"Shaded","section":"Shading Mode"},"sceneLighting":true,"audioPlay":false,"sceneViewState":{"m_AlwaysRefresh":false,"showFog":false,"showSkybox":true,"showFlares":true,"showImageEffects":true,"showParticleSystems":true,"showVisualEffectGraphs":true,"m_FxEnabled":true},"in2DMode":false,"pivot":{"x":376.91473388671877,"y":25.67098617553711,"z":489.872802734375},"rotation":{"x":0.0004793361003976315,"y":0.9935887455940247,"z":0.0041632698848843578,"w":-0.11314279586076737},"size":24.8610897064209,"orthographic":false}