{"cameraMode":{"drawMode":0,"name":"Shaded","section":"Shading Mode"},"sceneLighting":true,"audioPlay":false,"sceneViewState":{"m_AlwaysRefresh":false,"showFog":false,"showSkybox":true,"showFlares":true,"showImageEffects":true,"showParticleSystems":true,"showVisualEffectGraphs":true,"m_FxEnabled":true},"in2DMode":false,"pivot":{"x":249.64627075195313,"y":-51.01917266845703,"z":216.9747772216797},"rotation":{"x":-0.03755342587828636,"y":0.9582907557487488,"z":-0.14954805374145509,"w":-0.24062718451023103},"size":115.18109893798828,"orthographic":false}