{"cameraMode":{"drawMode":0,"name":"Shaded","section":"Shading Mode"},"sceneLighting":true,"audioPlay":false,"sceneViewState":{"m_AlwaysRefresh":false,"showFog":false,"showSkybox":true,"showFlares":true,"showImageEffects":true,"showParticleSystems":true,"showVisualEffectGraphs":true,"m_FxEnabled":true},"in2DMode":false,"pivot":{"x":-19.538745880126954,"y":132.3576202392578,"z":142.5157012939453},"rotation":{"x":0.36588314175605776,"y":0.28135478496551516,"z":-0.10913550108671189,"w":0.8804745674133301},"size":15.119856834411621,"orthographic":false}