{"cameraMode":{"drawMode":0,"name":"Shaded","section":"Shading Mode"},"sceneLighting":true,"audioPlay":false,"sceneViewState":{"m_AlwaysRefresh":false,"showFog":false,"showSkybox":true,"showFlares":true,"showImageEffects":true,"showParticleSystems":true,"showVisualEffectGraphs":true,"m_FxEnabled":true},"in2DMode":false,"pivot":{"x":326.68048095703127,"y":-11.31507396697998,"z":330.67852783203127},"rotation":{"x":-0.019388291984796525,"y":0.9786547422409058,"z":-0.17293177545070649,"w":-0.10965920984745026},"size":67.95179748535156,"orthographic":false}