{"cameraMode":{"drawMode":0,"name":"Shaded","section":"Shading Mode"},"sceneLighting":true,"audioPlay":false,"sceneViewState":{"m_AlwaysRefresh":false,"showFog":false,"showSkybox":true,"showFlares":true,"showImageEffects":true,"showParticleSystems":true,"showVisualEffectGraphs":true,"m_FxEnabled":true},"in2DMode":false,"pivot":{"x":302.64495849609377,"y":21.601694107055665,"z":-282.27032470703127},"rotation":{"x":0.03858819976449013,"y":-0.9614729881286621,"z":0.1781895011663437,"w":0.20663215219974519},"size":0.8660253882408142,"orthographic":false}