{"cameraMode":{"drawMode":0,"name":"Shaded","section":"Shading Mode"},"sceneLighting":true,"audioPlay":false,"sceneViewState":{"m_AlwaysRefresh":false,"showFog":false,"showSkybox":true,"showFlares":true,"showImageEffects":true,"showParticleSystems":true,"showVisualEffectGraphs":true,"m_FxEnabled":true},"in2DMode":false,"pivot":{"x":-325.6481628417969,"y":6.796689987182617,"z":222.60299682617188},"rotation":{"x":-0.011414987966418267,"y":0.9717980623245239,"z":-0.04693195968866348,"w":-0.23131528496742249},"size":24.808040618896486,"orthographic":false}