{"cameraMode":{"drawMode":0,"name":"Shaded","section":"Shading Mode"},"sceneLighting":true,"audioPlay":false,"sceneViewState":{"m_AlwaysRefresh":false,"showFog":false,"showSkybox":true,"showFlares":true,"showImageEffects":true,"showParticleSystems":true,"showVisualEffectGraphs":true,"m_FxEnabled":true},"in2DMode":false,"pivot":{"x":154.69676208496095,"y":-13.227222442626954,"z":427.3936462402344},"rotation":{"x":-0.009372671134769917,"y":0.9278879165649414,"z":-0.3720197379589081,"w":-0.023387158289551736},"size":29.660024642944337,"orthographic":false}