{"cameraMode":{"drawMode":0,"name":"Shaded","section":"Shading Mode"},"sceneLighting":true,"audioPlay":false,"sceneViewState":{"m_AlwaysRefresh":false,"showFog":false,"showSkybox":true,"showFlares":true,"showImageEffects":true,"showParticleSystems":true,"showVisualEffectGraphs":true,"m_FxEnabled":true},"in2DMode":false,"pivot":{"x":293.6147766113281,"y":11.424124717712403,"z":591.8018798828125},"rotation":{"x":-0.042629487812519076,"y":-0.9570546746253967,"z":0.21513064205646516,"w":-0.18963108956813813},"size":7.766669750213623,"orthographic":false}