{"cameraMode":{"drawMode":0,"name":"Shaded","section":"Shading Mode"},"sceneLighting":false,"audioPlay":false,"sceneViewState":{"m_AlwaysRefresh":false,"showFog":false,"showSkybox":false,"showFlares":true,"showImageEffects":true,"showParticleSystems":true,"showVisualEffectGraphs":true,"m_FxEnabled":true},"in2DMode":false,"pivot":{"x":0.011242403648793698,"y":0.0003075525164604187,"z":-0.0006653722375631332},"rotation":{"x":-0.1379282921552658,"y":0.8530593514442444,"z":-0.28251832723617556,"w":-0.4165022373199463},"size":0.057761237025260928,"orthographic":false}