{"cameraMode":{"drawMode":0,"name":"Shaded","section":"Shading Mode"},"sceneLighting":false,"audioPlay":false,"sceneViewState":{"m_AlwaysRefresh":false,"showFog":false,"showSkybox":false,"showFlares":true,"showImageEffects":true,"showParticleSystems":true,"showVisualEffectGraphs":true,"m_FxEnabled":true},"in2DMode":false,"pivot":{"x":0.03557191789150238,"y":-0.22484974563121797,"z":0.7567951679229736},"rotation":{"x":-0.011292067356407643,"y":0.799933910369873,"z":-0.6004377007484436,"w":-0.027454964816570283},"size":0.000017320508050033823,"orthographic":false}