{"cameraMode":{"drawMode":0,"name":"Shaded","section":"Shading Mode"},"sceneLighting":false,"audioPlay":false,"sceneViewState":{"m_AlwaysRefresh":false,"showFog":false,"showSkybox":false,"showFlares":true,"showImageEffects":true,"showParticleSystems":true,"showVisualEffectGraphs":true,"m_FxEnabled":true},"in2DMode":false,"pivot":{"x":0.18224811553955079,"y":0.27898478507995608,"z":0.6471803188323975},"rotation":{"x":0.05693594366312027,"y":0.6257855892181397,"z":0.04588931053876877,"w":-0.7765778303146362},"size":5.427340984344482,"orthographic":false}