{"cameraMode":{"drawMode":0,"name":"Shaded","section":"Shading Mode"},"sceneLighting":false,"audioPlay":false,"sceneViewState":{"m_AlwaysRefresh":false,"showFog":false,"showSkybox":false,"showFlares":true,"showImageEffects":true,"showParticleSystems":true,"showVisualEffectGraphs":true,"m_FxEnabled":true},"in2DMode":false,"pivot":{"x":8.436169624328614,"y":6.072120666503906,"z":44.88728713989258},"rotation":{"x":0.046619340777397159,"y":-0.9529824256896973,"z":0.19840946793556214,"w":0.22494833171367646},"size":18.268632888793947,"orthographic":false}