{"cameraMode":{"drawMode":0,"name":"Shaded","section":"Shading Mode"},"sceneLighting":false,"audioPlay":false,"sceneViewState":{"m_AlwaysRefresh":false,"showFog":false,"showSkybox":false,"showFlares":true,"showImageEffects":true,"showParticleSystems":true,"showVisualEffectGraphs":true,"m_FxEnabled":true},"in2DMode":false,"pivot":{"x":2.7640762329101564,"y":-0.26114654541015627,"z":-0.25533580780029299},"rotation":{"x":-0.044959746301174167,"y":0.8868699669837952,"z":-0.08836749196052551,"w":-0.45127710700035097},"size":10.398754119873047,"orthographic":false}