{"cameraMode":{"drawMode":0,"name":"Shaded","section":"Shading Mode"},"sceneLighting":false,"audioPlay":false,"sceneViewState":{"m_AlwaysRefresh":false,"showFog":false,"showSkybox":false,"showFlares":true,"showImageEffects":true,"showParticleSystems":true,"showVisualEffectGraphs":true,"m_FxEnabled":true},"in2DMode":false,"pivot":{"x":-0.38323497772216799,"y":0.9071924686431885,"z":1.2489409446716309},"rotation":{"x":-0.044959746301174167,"y":0.8868699669837952,"z":-0.08836749196052551,"w":-0.45127710700035097},"size":6.385261058807373,"orthographic":false}