{"cameraMode":{"drawMode":0,"name":"Shaded","section":"Shading Mode"},"sceneLighting":false,"audioPlay":false,"sceneViewState":{"m_AlwaysRefresh":false,"showFog":false,"showSkybox":false,"showFlares":true,"showImageEffects":true,"showParticleSystems":true,"showVisualEffectGraphs":true,"m_FxEnabled":true},"in2DMode":false,"pivot":{"x":-0.5838299989700317,"y":-0.04483991861343384,"z":-0.6964044570922852},"rotation":{"x":0.0011670218082144857,"y":0.9933290481567383,"z":-0.11416658759117127,"w":-0.04224597290158272},"size":5.949652671813965,"orthographic":false}