{"cameraMode":{"drawMode":0,"name":"Shaded","section":"Shading Mode"},"sceneLighting":false,"audioPlay":false,"sceneViewState":{"m_AlwaysRefresh":false,"showFog":false,"showSkybox":false,"showFlares":true,"showImageEffects":true,"showParticleSystems":true,"showVisualEffectGraphs":true,"m_FxEnabled":true},"in2DMode":false,"pivot":{"x":0.1212548017501831,"y":2.8829002380371095,"z":-0.1367347240447998},"rotation":{"x":-0.03159721940755844,"y":0.9628960490226746,"z":-0.20645639300346375,"w":-0.17515479028224946},"size":5.146583080291748,"orthographic":false}