{"cameraMode":{"drawMode":0,"name":"Shaded","section":"Shading Mode"},"sceneLighting":false,"audioPlay":false,"sceneViewState":{"m_AlwaysRefresh":false,"showFog":false,"showSkybox":false,"showFlares":true,"showImageEffects":true,"showParticleSystems":true,"showVisualEffectGraphs":true,"m_FxEnabled":true},"in2DMode":false,"pivot":{"x":-0.0000045946831050969198,"y":0.000007603537596878596,"z":-0.000012949812116858084},"rotation":{"x":-0.03948746621608734,"y":0.9085025787353516,"z":-0.40356284379959109,"w":-0.10724920779466629},"size":1.2000173330307007,"orthographic":false}