{"cameraMode":{"drawMode":0,"name":"Shaded","section":"Shading Mode"},"sceneLighting":false,"audioPlay":false,"sceneViewState":{"m_AlwaysRefresh":false,"showFog":false,"showSkybox":false,"showFlares":true,"showImageEffects":true,"showParticleSystems":true,"showVisualEffectGraphs":true,"m_FxEnabled":true},"in2DMode":false,"pivot":{"x":-0.24909234046936036,"y":0.771580696105957,"z":0.07824468612670899},"rotation":{"x":-0.044959746301174167,"y":0.8868699669837952,"z":-0.08836749196052551,"w":-0.45127710700035097},"size":2.1000173091888429,"orthographic":false}