{"cameraMode":{"drawMode":0,"name":"Shaded","section":"Shading Mode"},"sceneLighting":false,"audioPlay":false,"sceneViewState":{"m_AlwaysRefresh":false,"showFog":false,"showSkybox":false,"showFlares":true,"showImageEffects":true,"showParticleSystems":true,"showVisualEffectGraphs":true,"m_FxEnabled":true},"in2DMode":false,"pivot":{"x":-0.1547069549560547,"y":0.4620135426521301,"z":-0.19109433889389039},"rotation":{"x":-0.03159721940755844,"y":0.9628960490226746,"z":-0.20645639300346375,"w":-0.17515479028224946},"size":1.6531940698623658,"orthographic":false}