{"cameraMode":{"drawMode":0,"name":"Shaded","section":"Shading Mode"},"sceneLighting":false,"audioPlay":false,"sceneViewState":{"m_AlwaysRefresh":false,"showFog":false,"showSkybox":false,"showFlares":true,"showImageEffects":true,"showParticleSystems":true,"showVisualEffectGraphs":true,"m_FxEnabled":true},"in2DMode":false,"pivot":{"x":0.17610454559326173,"y":1.1800000667572022,"z":7.163026809692383},"rotation":{"x":0.1156364306807518,"y":0.8904364705085754,"z":-0.29691579937934878,"w":0.3255710005760193},"size":22.171043395996095,"orthographic":false}