{"cameraMode":{"drawMode":0,"name":"Shaded","section":"Shading Mode"},"sceneLighting":false,"audioPlay":false,"sceneViewState":{"m_AlwaysRefresh":false,"showFog":false,"showSkybox":false,"showFlares":true,"showImageEffects":true,"showParticleSystems":true,"showVisualEffectGraphs":true,"m_FxEnabled":true},"in2DMode":false,"pivot":{"x":0.8690380454063416,"y":7.508431911468506,"z":0.8155227899551392},"rotation":{"x":-0.24743464589118958,"y":0.7288746237754822,"z":-0.5339250564575195,"w":-0.3517717123031616},"size":0.000017320508050033823,"orthographic":false}