{"cameraMode":{"drawMode":0,"name":"Shaded","section":"Shading Mode"},"sceneLighting":false,"audioPlay":false,"sceneViewState":{"m_AlwaysRefresh":false,"showFog":false,"showSkybox":false,"showFlares":true,"showImageEffects":true,"showParticleSystems":true,"showVisualEffectGraphs":true,"m_FxEnabled":true},"in2DMode":false,"pivot":{"x":0.21496915817260743,"y":2.295146942138672,"z":-0.06053471565246582},"rotation":{"x":-0.06914376467466355,"y":0.9054145216941834,"z":-0.3828129768371582,"w":-0.17479892075061799},"size":5.415622711181641,"orthographic":false}