{"cameraMode":{"drawMode":0,"name":"Shaded","section":"Shading Mode"},"sceneLighting":false,"audioPlay":false,"sceneViewState":{"m_AlwaysRefresh":false,"showFog":false,"showSkybox":false,"showFlares":true,"showImageEffects":true,"showParticleSystems":true,"showVisualEffectGraphs":true,"m_FxEnabled":true},"in2DMode":false,"pivot":{"x":-0.03222006559371948,"y":0.028967201709747316,"z":0.26000210642814639},"rotation":{"x":-0.06914376467466355,"y":0.9054145216941834,"z":-0.3828129768371582,"w":-0.17479892075061799},"size":1.1904598474502564,"orthographic":false}