{"cameraMode":{"drawMode":0,"name":"Shaded","section":"Shading Mode"},"sceneLighting":false,"audioPlay":false,"sceneViewState":{"m_AlwaysRefresh":false,"showFog":false,"showSkybox":false,"showFlares":true,"showImageEffects":true,"showParticleSystems":true,"showVisualEffectGraphs":true,"m_FxEnabled":true},"in2DMode":false,"pivot":{"x":-0.02256464958190918,"y":0.08188484609127045,"z":0.3093884587287903},"rotation":{"x":0.11238071322441101,"y":0.632251501083374,"z":-0.08493736386299133,"w":0.7620980143547058},"size":0.9957234859466553,"orthographic":false}