{"cameraMode":{"drawMode":0,"name":"Shaded","section":"Shading Mode"},"sceneLighting":false,"audioPlay":false,"sceneViewState":{"m_AlwaysRefresh":false,"showFog":false,"showSkybox":false,"showFlares":true,"showImageEffects":true,"showParticleSystems":true,"showVisualEffectGraphs":true,"m_FxEnabled":true},"in2DMode":false,"pivot":{"x":-0.0725107192993164,"y":-0.0706484317779541,"z":0.26621294021606448},"rotation":{"x":0.07781615108251572,"y":-0.9213270545005798,"z":0.24786576628684998,"w":0.2892560362815857},"size":8.230770111083985,"orthographic":false}