{"cameraMode":{"drawMode":0,"name":"Shaded","section":"Shading Mode"},"sceneLighting":false,"audioPlay":false,"sceneViewState":{"m_AlwaysRefresh":false,"showFog":false,"showSkybox":false,"showFlares":true,"showImageEffects":true,"showParticleSystems":true,"showVisualEffectGraphs":true,"m_FxEnabled":true},"in2DMode":false,"pivot":{"x":0.11161008477210999,"y":0.00787016749382019,"z":-0.07650154829025269},"rotation":{"x":0.026151122525334359,"y":-0.9687767624855042,"z":0.1864532232284546,"w":0.1660051941871643},"size":0.6373473405838013,"orthographic":false}