{"cameraMode":{"drawMode":0,"name":"Shaded","section":"Shading Mode"},"sceneLighting":false,"audioPlay":false,"sceneViewState":{"m_AlwaysRefresh":false,"showFog":false,"showSkybox":false,"showFlares":true,"showImageEffects":true,"showParticleSystems":true,"showVisualEffectGraphs":true,"m_FxEnabled":true},"in2DMode":false,"pivot":{"x":0.4226694703102112,"y":1.3873339891433716,"z":0.38241636753082278},"rotation":{"x":-0.03363104537129402,"y":0.9047545194625855,"z":-0.41644150018692019,"w":-0.0903526321053505},"size":1.8000173568725587,"orthographic":false}