{"cameraMode":{"drawMode":0,"name":"Shaded","section":"Shading Mode"},"sceneLighting":false,"audioPlay":false,"sceneViewState":{"m_AlwaysRefresh":false,"showFog":false,"showSkybox":false,"showFlares":true,"showImageEffects":true,"showParticleSystems":true,"showVisualEffectGraphs":true,"m_FxEnabled":true},"in2DMode":false,"pivot":{"x":-0.18333864212036134,"y":0.05629992485046387,"z":11.698575973510743},"rotation":{"x":0.09820996224880219,"y":0.3172147572040558,"z":-0.03305511549115181,"w":0.9426866769790649},"size":0.5969821214675903,"orthographic":false}