{"cameraMode":{"drawMode":0,"name":"Shaded","section":"Shading Mode"},"sceneLighting":false,"audioPlay":false,"sceneViewState":{"m_AlwaysRefresh":false,"showFog":false,"showSkybox":false,"showFlares":true,"showImageEffects":true,"showParticleSystems":true,"showVisualEffectGraphs":true,"m_FxEnabled":true},"in2DMode":false,"pivot":{"x":-0.03802138566970825,"y":0.07209992408752442,"z":-0.08733999729156494},"rotation":{"x":0.026151122525334359,"y":-0.9687767624855042,"z":0.1864532232284546,"w":0.1660051941871643},"size":1.1199562549591065,"orthographic":false}