{"cameraMode":{"drawMode":0,"name":"Shaded","section":"Shading Mode"},"sceneLighting":false,"audioPlay":false,"sceneViewState":{"m_AlwaysRefresh":false,"showFog":false,"showSkybox":false,"showFlares":true,"showImageEffects":true,"showParticleSystems":true,"showVisualEffectGraphs":true,"m_FxEnabled":true},"in2DMode":false,"pivot":{"x":1.2127227783203126,"y":0.8741398453712463,"z":-0.6891932487487793},"rotation":{"x":0.09820996224880219,"y":0.3172147572040558,"z":-0.03305511549115181,"w":0.9426866769790649},"size":4.500017166137695,"orthographic":false}