{"cameraMode":{"drawMode":0,"name":"Shaded","section":"Shading Mode"},"sceneLighting":false,"audioPlay":false,"sceneViewState":{"m_AlwaysRefresh":false,"showFog":false,"showSkybox":false,"showFlares":true,"showImageEffects":true,"showParticleSystems":true,"showVisualEffectGraphs":true,"m_FxEnabled":true},"in2DMode":false,"pivot":{"x":-35.535884857177737,"y":20.470781326293947,"z":11.81580638885498},"rotation":{"x":0.18774737417697907,"y":0.6471313834190369,"z":-0.16891172528266908,"w":0.7193503975868225},"size":3.6975326538085939,"orthographic":false}