{"cameraMode":{"drawMode":0,"name":"Shaded","section":"Shading Mode"},"sceneLighting":false,"audioPlay":false,"sceneViewState":{"m_AlwaysRefresh":false,"showFog":false,"showSkybox":false,"showFlares":true,"showImageEffects":true,"showParticleSystems":true,"showVisualEffectGraphs":true,"m_FxEnabled":true},"in2DMode":false,"pivot":{"x":-0.11571598052978516,"y":0.008080482482910157,"z":-10.713349342346192},"rotation":{"x":0.020206861197948457,"y":0.9698926210403442,"z":-0.23712535202503205,"w":0.053851209580898288},"size":14.451794624328614,"orthographic":false}