{"cameraMode":{"drawMode":0,"name":"Shaded","section":"Shading Mode"},"sceneLighting":false,"audioPlay":false,"sceneViewState":{"m_AlwaysRefresh":false,"showFog":false,"showSkybox":false,"showFlares":true,"showImageEffects":true,"showParticleSystems":true,"showVisualEffectGraphs":true,"m_FxEnabled":true},"in2DMode":false,"pivot":{"x":-0.3026914596557617,"y":0.12618374824523927,"z":-0.32835865020751955},"rotation":{"x":0.3180069625377655,"y":-0.4401019513607025,"z":0.17019416391849519,"w":0.8223347663879395},"size":6.746120452880859,"orthographic":false}