{"cameraMode":{"drawMode":0,"name":"Shaded","section":"Shading Mode"},"sceneLighting":false,"audioPlay":false,"sceneViewState":{"m_AlwaysRefresh":false,"showFog":false,"showSkybox":false,"showFlares":true,"showImageEffects":true,"showParticleSystems":true,"showVisualEffectGraphs":true,"m_FxEnabled":true},"in2DMode":false,"pivot":{"x":326.32000732421877,"y":4.150000095367432,"z":402.94000244140627},"rotation":{"x":-0.009372671134769917,"y":0.9278879165649414,"z":-0.3720197379589081,"w":-0.023387158289551736},"size":0.5660253763198853,"orthographic":false}